item_id,name,class_restriction,slot,rarity,required_level,attack,defense,affix_pool,asset_key
ITM_0001,Oathblade Common,Knight,MainHand,Common,1,25,0,Knight weapon affix pool,WeaponModel_Knight_1
ITM_0002,Lionguard Sword Common,Knight,MainHand,Common,4,40,0,Knight weapon affix pool,WeaponModel_Knight_2
ITM_0003,Sunward Mace Common,Knight,MainHand,Common,7,55,0,Knight weapon affix pool,WeaponModel_Knight_3
ITM_0004,Common Knight Head,Knight,Head,Common,1,0,13,Knight armor affix pool,Armor_Knight_Head_1
ITM_0005,Common Knight Chest,Knight,Chest,Common,1,0,13,Knight armor affix pool,Armor_Knight_Chest_1
ITM_0006,Common Knight Gloves,Knight,Gloves,Common,1,0,13,Knight armor affix pool,Armor_Knight_Gloves_1
ITM_0007,Common Knight Legs,Knight,Legs,Common,1,0,13,Knight armor affix pool,Armor_Knight_Legs_1
ITM_0008,Common Knight Boots,Knight,Boots,Common,1,0,13,Knight armor affix pool,Armor_Knight_Boots_1
ITM_0009,Common Knight Cape,Knight,Cape,Common,1,0,13,Knight armor affix pool,Armor_Knight_Cape_1
ITM_0010,Common Knight Necklace,Knight,Necklace,Common,1,0,13,Knight armor affix pool,Armor_Knight_Necklace_1
ITM_0011,Common Knight Ring,Knight,Ring,Common,1,0,13,Knight armor affix pool,Armor_Knight_Ring_1
ITM_0012,Oathblade Uncommon,Knight,MainHand,Uncommon,18,135,0,Knight weapon affix pool,WeaponModel_Knight_1
ITM_0013,Lionguard Sword Uncommon,Knight,MainHand,Uncommon,21,150,0,Knight weapon affix pool,WeaponModel_Knight_2
ITM_0014,Sunward Mace Uncommon,Knight,MainHand,Uncommon,24,165,0,Knight weapon affix pool,WeaponModel_Knight_3
ITM_0015,Uncommon Knight Head,Knight,Head,Uncommon,18,0,79,Knight armor affix pool,Armor_Knight_Head_2
ITM_0016,Uncommon Knight Chest,Knight,Chest,Uncommon,18,0,79,Knight armor affix pool,Armor_Knight_Chest_2
ITM_0017,Uncommon Knight Gloves,Knight,Gloves,Uncommon,18,0,79,Knight armor affix pool,Armor_Knight_Gloves_2
ITM_0018,Uncommon Knight Legs,Knight,Legs,Uncommon,18,0,79,Knight armor affix pool,Armor_Knight_Legs_2
ITM_0019,Uncommon Knight Boots,Knight,Boots,Uncommon,18,0,79,Knight armor affix pool,Armor_Knight_Boots_2
ITM_0020,Uncommon Knight Cape,Knight,Cape,Uncommon,18,0,79,Knight armor affix pool,Armor_Knight_Cape_2
ITM_0021,Uncommon Knight Necklace,Knight,Necklace,Uncommon,18,0,79,Knight armor affix pool,Armor_Knight_Necklace_2
ITM_0022,Uncommon Knight Ring,Knight,Ring,Uncommon,18,0,79,Knight armor affix pool,Armor_Knight_Ring_2
ITM_0023,Oathblade Rare,Knight,MainHand,Rare,35,245,0,Knight weapon affix pool,WeaponModel_Knight_1
ITM_0024,Lionguard Sword Rare,Knight,MainHand,Rare,38,260,0,Knight weapon affix pool,WeaponModel_Knight_2
ITM_0025,Sunward Mace Rare,Knight,MainHand,Rare,41,275,0,Knight weapon affix pool,WeaponModel_Knight_3
ITM_0026,Rare Knight Head,Knight,Head,Rare,35,0,145,Knight armor affix pool,Armor_Knight_Head_3
ITM_0027,Rare Knight Chest,Knight,Chest,Rare,35,0,145,Knight armor affix pool,Armor_Knight_Chest_3
ITM_0028,Rare Knight Gloves,Knight,Gloves,Rare,35,0,145,Knight armor affix pool,Armor_Knight_Gloves_3
ITM_0029,Rare Knight Legs,Knight,Legs,Rare,35,0,145,Knight armor affix pool,Armor_Knight_Legs_3
ITM_0030,Rare Knight Boots,Knight,Boots,Rare,35,0,145,Knight armor affix pool,Armor_Knight_Boots_3
ITM_0031,Rare Knight Cape,Knight,Cape,Rare,35,0,145,Knight armor affix pool,Armor_Knight_Cape_3
ITM_0032,Rare Knight Necklace,Knight,Necklace,Rare,35,0,145,Knight armor affix pool,Armor_Knight_Necklace_3
ITM_0033,Rare Knight Ring,Knight,Ring,Rare,35,0,145,Knight armor affix pool,Armor_Knight_Ring_3
ITM_0034,Oathblade Epic,Knight,MainHand,Epic,52,355,0,Knight weapon affix pool,WeaponModel_Knight_1
ITM_0035,Lionguard Sword Epic,Knight,MainHand,Epic,55,370,0,Knight weapon affix pool,WeaponModel_Knight_2
ITM_0036,Sunward Mace Epic,Knight,MainHand,Epic,58,385,0,Knight weapon affix pool,WeaponModel_Knight_3
ITM_0037,Epic Knight Head,Knight,Head,Epic,52,0,211,Knight armor affix pool,Armor_Knight_Head_4
ITM_0038,Epic Knight Chest,Knight,Chest,Epic,52,0,211,Knight armor affix pool,Armor_Knight_Chest_4
ITM_0039,Epic Knight Gloves,Knight,Gloves,Epic,52,0,211,Knight armor affix pool,Armor_Knight_Gloves_4
ITM_0040,Epic Knight Legs,Knight,Legs,Epic,52,0,211,Knight armor affix pool,Armor_Knight_Legs_4
ITM_0041,Epic Knight Boots,Knight,Boots,Epic,52,0,211,Knight armor affix pool,Armor_Knight_Boots_4
ITM_0042,Epic Knight Cape,Knight,Cape,Epic,52,0,211,Knight armor affix pool,Armor_Knight_Cape_4
ITM_0043,Epic Knight Necklace,Knight,Necklace,Epic,52,0,211,Knight armor affix pool,Armor_Knight_Necklace_4
ITM_0044,Epic Knight Ring,Knight,Ring,Epic,52,0,211,Knight armor affix pool,Armor_Knight_Ring_4
ITM_0045,Oathblade Legendary,Knight,MainHand,Legendary,69,465,0,Knight weapon affix pool,WeaponModel_Knight_1
ITM_0046,Lionguard Sword Legendary,Knight,MainHand,Legendary,72,480,0,Knight weapon affix pool,WeaponModel_Knight_2
ITM_0047,Sunward Mace Legendary,Knight,MainHand,Legendary,75,495,0,Knight weapon affix pool,WeaponModel_Knight_3
ITM_0048,Legendary Knight Head,Knight,Head,Legendary,69,0,277,Knight armor affix pool,Armor_Knight_Head_5
ITM_0049,Legendary Knight Chest,Knight,Chest,Legendary,69,0,277,Knight armor affix pool,Armor_Knight_Chest_5
ITM_0050,Legendary Knight Gloves,Knight,Gloves,Legendary,69,0,277,Knight armor affix pool,Armor_Knight_Gloves_5
ITM_0051,Legendary Knight Legs,Knight,Legs,Legendary,69,0,277,Knight armor affix pool,Armor_Knight_Legs_5
ITM_0052,Legendary Knight Boots,Knight,Boots,Legendary,69,0,277,Knight armor affix pool,Armor_Knight_Boots_5
ITM_0053,Legendary Knight Cape,Knight,Cape,Legendary,69,0,277,Knight armor affix pool,Armor_Knight_Cape_5
ITM_0054,Legendary Knight Necklace,Knight,Necklace,Legendary,69,0,277,Knight armor affix pool,Armor_Knight_Necklace_5
ITM_0055,Legendary Knight Ring,Knight,Ring,Legendary,69,0,277,Knight armor affix pool,Armor_Knight_Ring_5
ITM_0056,Oathblade Mythic,Knight,MainHand,Mythic,86,575,0,Knight weapon affix pool,WeaponModel_Knight_1
ITM_0057,Lionguard Sword Mythic,Knight,MainHand,Mythic,89,590,0,Knight weapon affix pool,WeaponModel_Knight_2
ITM_0058,Sunward Mace Mythic,Knight,MainHand,Mythic,92,605,0,Knight weapon affix pool,WeaponModel_Knight_3
ITM_0059,Mythic Knight Head,Knight,Head,Mythic,86,0,343,Knight armor affix pool,Armor_Knight_Head_6
ITM_0060,Mythic Knight Chest,Knight,Chest,Mythic,86,0,343,Knight armor affix pool,Armor_Knight_Chest_6
ITM_0061,Mythic Knight Gloves,Knight,Gloves,Mythic,86,0,343,Knight armor affix pool,Armor_Knight_Gloves_6
ITM_0062,Mythic Knight Legs,Knight,Legs,Mythic,86,0,343,Knight armor affix pool,Armor_Knight_Legs_6
ITM_0063,Mythic Knight Boots,Knight,Boots,Mythic,86,0,343,Knight armor affix pool,Armor_Knight_Boots_6
ITM_0064,Mythic Knight Cape,Knight,Cape,Mythic,86,0,343,Knight armor affix pool,Armor_Knight_Cape_6
ITM_0065,Mythic Knight Necklace,Knight,Necklace,Mythic,86,0,343,Knight armor affix pool,Armor_Knight_Necklace_6
ITM_0066,Mythic Knight Ring,Knight,Ring,Mythic,86,0,343,Knight armor affix pool,Armor_Knight_Ring_6
ITM_0067,Bloodcleaver Common,Berserker,MainHand,Common,1,25,0,Berserker weapon affix pool,WeaponModel_Berserker_1
ITM_0068,Titan Axe Common,Berserker,MainHand,Common,4,40,0,Berserker weapon affix pool,WeaponModel_Berserker_2
ITM_0069,Ashreaver Greatsword Common,Berserker,MainHand,Common,7,55,0,Berserker weapon affix pool,WeaponModel_Berserker_3
ITM_0070,Common Berserker Head,Berserker,Head,Common,1,0,13,Berserker armor affix pool,Armor_Berserker_Head_1
ITM_0071,Common Berserker Chest,Berserker,Chest,Common,1,0,13,Berserker armor affix pool,Armor_Berserker_Chest_1
ITM_0072,Common Berserker Gloves,Berserker,Gloves,Common,1,0,13,Berserker armor affix pool,Armor_Berserker_Gloves_1
ITM_0073,Common Berserker Legs,Berserker,Legs,Common,1,0,13,Berserker armor affix pool,Armor_Berserker_Legs_1
ITM_0074,Common Berserker Boots,Berserker,Boots,Common,1,0,13,Berserker armor affix pool,Armor_Berserker_Boots_1
ITM_0075,Common Berserker Cape,Berserker,Cape,Common,1,0,13,Berserker armor affix pool,Armor_Berserker_Cape_1
ITM_0076,Common Berserker Necklace,Berserker,Necklace,Common,1,0,13,Berserker armor affix pool,Armor_Berserker_Necklace_1
ITM_0077,Common Berserker Ring,Berserker,Ring,Common,1,0,13,Berserker armor affix pool,Armor_Berserker_Ring_1
ITM_0078,Bloodcleaver Uncommon,Berserker,MainHand,Uncommon,18,135,0,Berserker weapon affix pool,WeaponModel_Berserker_1
ITM_0079,Titan Axe Uncommon,Berserker,MainHand,Uncommon,21,150,0,Berserker weapon affix pool,WeaponModel_Berserker_2
ITM_0080,Ashreaver Greatsword Uncommon,Berserker,MainHand,Uncommon,24,165,0,Berserker weapon affix pool,WeaponModel_Berserker_3
ITM_0081,Uncommon Berserker Head,Berserker,Head,Uncommon,18,0,79,Berserker armor affix pool,Armor_Berserker_Head_2
ITM_0082,Uncommon Berserker Chest,Berserker,Chest,Uncommon,18,0,79,Berserker armor affix pool,Armor_Berserker_Chest_2
ITM_0083,Uncommon Berserker Gloves,Berserker,Gloves,Uncommon,18,0,79,Berserker armor affix pool,Armor_Berserker_Gloves_2
ITM_0084,Uncommon Berserker Legs,Berserker,Legs,Uncommon,18,0,79,Berserker armor affix pool,Armor_Berserker_Legs_2
ITM_0085,Uncommon Berserker Boots,Berserker,Boots,Uncommon,18,0,79,Berserker armor affix pool,Armor_Berserker_Boots_2
ITM_0086,Uncommon Berserker Cape,Berserker,Cape,Uncommon,18,0,79,Berserker armor affix pool,Armor_Berserker_Cape_2
ITM_0087,Uncommon Berserker Necklace,Berserker,Necklace,Uncommon,18,0,79,Berserker armor affix pool,Armor_Berserker_Necklace_2
ITM_0088,Uncommon Berserker Ring,Berserker,Ring,Uncommon,18,0,79,Berserker armor affix pool,Armor_Berserker_Ring_2
ITM_0089,Bloodcleaver Rare,Berserker,MainHand,Rare,35,245,0,Berserker weapon affix pool,WeaponModel_Berserker_1
ITM_0090,Titan Axe Rare,Berserker,MainHand,Rare,38,260,0,Berserker weapon affix pool,WeaponModel_Berserker_2
ITM_0091,Ashreaver Greatsword Rare,Berserker,MainHand,Rare,41,275,0,Berserker weapon affix pool,WeaponModel_Berserker_3
ITM_0092,Rare Berserker Head,Berserker,Head,Rare,35,0,145,Berserker armor affix pool,Armor_Berserker_Head_3
ITM_0093,Rare Berserker Chest,Berserker,Chest,Rare,35,0,145,Berserker armor affix pool,Armor_Berserker_Chest_3
ITM_0094,Rare Berserker Gloves,Berserker,Gloves,Rare,35,0,145,Berserker armor affix pool,Armor_Berserker_Gloves_3
ITM_0095,Rare Berserker Legs,Berserker,Legs,Rare,35,0,145,Berserker armor affix pool,Armor_Berserker_Legs_3
ITM_0096,Rare Berserker Boots,Berserker,Boots,Rare,35,0,145,Berserker armor affix pool,Armor_Berserker_Boots_3
ITM_0097,Rare Berserker Cape,Berserker,Cape,Rare,35,0,145,Berserker armor affix pool,Armor_Berserker_Cape_3
ITM_0098,Rare Berserker Necklace,Berserker,Necklace,Rare,35,0,145,Berserker armor affix pool,Armor_Berserker_Necklace_3
ITM_0099,Rare Berserker Ring,Berserker,Ring,Rare,35,0,145,Berserker armor affix pool,Armor_Berserker_Ring_3
ITM_0100,Bloodcleaver Epic,Berserker,MainHand,Epic,52,355,0,Berserker weapon affix pool,WeaponModel_Berserker_1
ITM_0101,Titan Axe Epic,Berserker,MainHand,Epic,55,370,0,Berserker weapon affix pool,WeaponModel_Berserker_2
ITM_0102,Ashreaver Greatsword Epic,Berserker,MainHand,Epic,58,385,0,Berserker weapon affix pool,WeaponModel_Berserker_3
ITM_0103,Epic Berserker Head,Berserker,Head,Epic,52,0,211,Berserker armor affix pool,Armor_Berserker_Head_4
ITM_0104,Epic Berserker Chest,Berserker,Chest,Epic,52,0,211,Berserker armor affix pool,Armor_Berserker_Chest_4
ITM_0105,Epic Berserker Gloves,Berserker,Gloves,Epic,52,0,211,Berserker armor affix pool,Armor_Berserker_Gloves_4
ITM_0106,Epic Berserker Legs,Berserker,Legs,Epic,52,0,211,Berserker armor affix pool,Armor_Berserker_Legs_4
ITM_0107,Epic Berserker Boots,Berserker,Boots,Epic,52,0,211,Berserker armor affix pool,Armor_Berserker_Boots_4
ITM_0108,Epic Berserker Cape,Berserker,Cape,Epic,52,0,211,Berserker armor affix pool,Armor_Berserker_Cape_4
ITM_0109,Epic Berserker Necklace,Berserker,Necklace,Epic,52,0,211,Berserker armor affix pool,Armor_Berserker_Necklace_4
ITM_0110,Epic Berserker Ring,Berserker,Ring,Epic,52,0,211,Berserker armor affix pool,Armor_Berserker_Ring_4
ITM_0111,Bloodcleaver Legendary,Berserker,MainHand,Legendary,69,465,0,Berserker weapon affix pool,WeaponModel_Berserker_1
ITM_0112,Titan Axe Legendary,Berserker,MainHand,Legendary,72,480,0,Berserker weapon affix pool,WeaponModel_Berserker_2
ITM_0113,Ashreaver Greatsword Legendary,Berserker,MainHand,Legendary,75,495,0,Berserker weapon affix pool,WeaponModel_Berserker_3
ITM_0114,Legendary Berserker Head,Berserker,Head,Legendary,69,0,277,Berserker armor affix pool,Armor_Berserker_Head_5
ITM_0115,Legendary Berserker Chest,Berserker,Chest,Legendary,69,0,277,Berserker armor affix pool,Armor_Berserker_Chest_5
ITM_0116,Legendary Berserker Gloves,Berserker,Gloves,Legendary,69,0,277,Berserker armor affix pool,Armor_Berserker_Gloves_5
ITM_0117,Legendary Berserker Legs,Berserker,Legs,Legendary,69,0,277,Berserker armor affix pool,Armor_Berserker_Legs_5
ITM_0118,Legendary Berserker Boots,Berserker,Boots,Legendary,69,0,277,Berserker armor affix pool,Armor_Berserker_Boots_5
ITM_0119,Legendary Berserker Cape,Berserker,Cape,Legendary,69,0,277,Berserker armor affix pool,Armor_Berserker_Cape_5
ITM_0120,Legendary Berserker Necklace,Berserker,Necklace,Legendary,69,0,277,Berserker armor affix pool,Armor_Berserker_Necklace_5
ITM_0121,Legendary Berserker Ring,Berserker,Ring,Legendary,69,0,277,Berserker armor affix pool,Armor_Berserker_Ring_5
ITM_0122,Bloodcleaver Mythic,Berserker,MainHand,Mythic,86,575,0,Berserker weapon affix pool,WeaponModel_Berserker_1
ITM_0123,Titan Axe Mythic,Berserker,MainHand,Mythic,89,590,0,Berserker weapon affix pool,WeaponModel_Berserker_2
ITM_0124,Ashreaver Greatsword Mythic,Berserker,MainHand,Mythic,92,605,0,Berserker weapon affix pool,WeaponModel_Berserker_3
ITM_0125,Mythic Berserker Head,Berserker,Head,Mythic,86,0,343,Berserker armor affix pool,Armor_Berserker_Head_6
ITM_0126,Mythic Berserker Chest,Berserker,Chest,Mythic,86,0,343,Berserker armor affix pool,Armor_Berserker_Chest_6
ITM_0127,Mythic Berserker Gloves,Berserker,Gloves,Mythic,86,0,343,Berserker armor affix pool,Armor_Berserker_Gloves_6
ITM_0128,Mythic Berserker Legs,Berserker,Legs,Mythic,86,0,343,Berserker armor affix pool,Armor_Berserker_Legs_6
ITM_0129,Mythic Berserker Boots,Berserker,Boots,Mythic,86,0,343,Berserker armor affix pool,Armor_Berserker_Boots_6
ITM_0130,Mythic Berserker Cape,Berserker,Cape,Mythic,86,0,343,Berserker armor affix pool,Armor_Berserker_Cape_6
ITM_0131,Mythic Berserker Necklace,Berserker,Necklace,Mythic,86,0,343,Berserker armor affix pool,Armor_Berserker_Necklace_6
ITM_0132,Mythic Berserker Ring,Berserker,Ring,Mythic,86,0,343,Berserker armor affix pool,Armor_Berserker_Ring_6
ITM_0133,Umbral Fang Common,Assassin,MainHand,Common,1,25,0,Assassin weapon affix pool,WeaponModel_Assassin_1
ITM_0134,Nightglass Dagger Common,Assassin,MainHand,Common,4,40,0,Assassin weapon affix pool,WeaponModel_Assassin_2
ITM_0135,Kingslayer Knife Common,Assassin,MainHand,Common,7,55,0,Assassin weapon affix pool,WeaponModel_Assassin_3
ITM_0136,Common Assassin Head,Assassin,Head,Common,1,0,13,Assassin armor affix pool,Armor_Assassin_Head_1
ITM_0137,Common Assassin Chest,Assassin,Chest,Common,1,0,13,Assassin armor affix pool,Armor_Assassin_Chest_1
ITM_0138,Common Assassin Gloves,Assassin,Gloves,Common,1,0,13,Assassin armor affix pool,Armor_Assassin_Gloves_1
ITM_0139,Common Assassin Legs,Assassin,Legs,Common,1,0,13,Assassin armor affix pool,Armor_Assassin_Legs_1
ITM_0140,Common Assassin Boots,Assassin,Boots,Common,1,0,13,Assassin armor affix pool,Armor_Assassin_Boots_1
ITM_0141,Common Assassin Cape,Assassin,Cape,Common,1,0,13,Assassin armor affix pool,Armor_Assassin_Cape_1
ITM_0142,Common Assassin Necklace,Assassin,Necklace,Common,1,0,13,Assassin armor affix pool,Armor_Assassin_Necklace_1
ITM_0143,Common Assassin Ring,Assassin,Ring,Common,1,0,13,Assassin armor affix pool,Armor_Assassin_Ring_1
ITM_0144,Umbral Fang Uncommon,Assassin,MainHand,Uncommon,18,135,0,Assassin weapon affix pool,WeaponModel_Assassin_1
ITM_0145,Nightglass Dagger Uncommon,Assassin,MainHand,Uncommon,21,150,0,Assassin weapon affix pool,WeaponModel_Assassin_2
ITM_0146,Kingslayer Knife Uncommon,Assassin,MainHand,Uncommon,24,165,0,Assassin weapon affix pool,WeaponModel_Assassin_3
ITM_0147,Uncommon Assassin Head,Assassin,Head,Uncommon,18,0,79,Assassin armor affix pool,Armor_Assassin_Head_2
ITM_0148,Uncommon Assassin Chest,Assassin,Chest,Uncommon,18,0,79,Assassin armor affix pool,Armor_Assassin_Chest_2
ITM_0149,Uncommon Assassin Gloves,Assassin,Gloves,Uncommon,18,0,79,Assassin armor affix pool,Armor_Assassin_Gloves_2
ITM_0150,Uncommon Assassin Legs,Assassin,Legs,Uncommon,18,0,79,Assassin armor affix pool,Armor_Assassin_Legs_2
ITM_0151,Uncommon Assassin Boots,Assassin,Boots,Uncommon,18,0,79,Assassin armor affix pool,Armor_Assassin_Boots_2
ITM_0152,Uncommon Assassin Cape,Assassin,Cape,Uncommon,18,0,79,Assassin armor affix pool,Armor_Assassin_Cape_2
ITM_0153,Uncommon Assassin Necklace,Assassin,Necklace,Uncommon,18,0,79,Assassin armor affix pool,Armor_Assassin_Necklace_2
ITM_0154,Uncommon Assassin Ring,Assassin,Ring,Uncommon,18,0,79,Assassin armor affix pool,Armor_Assassin_Ring_2
ITM_0155,Umbral Fang Rare,Assassin,MainHand,Rare,35,245,0,Assassin weapon affix pool,WeaponModel_Assassin_1
ITM_0156,Nightglass Dagger Rare,Assassin,MainHand,Rare,38,260,0,Assassin weapon affix pool,WeaponModel_Assassin_2
ITM_0157,Kingslayer Knife Rare,Assassin,MainHand,Rare,41,275,0,Assassin weapon affix pool,WeaponModel_Assassin_3
ITM_0158,Rare Assassin Head,Assassin,Head,Rare,35,0,145,Assassin armor affix pool,Armor_Assassin_Head_3
ITM_0159,Rare Assassin Chest,Assassin,Chest,Rare,35,0,145,Assassin armor affix pool,Armor_Assassin_Chest_3
ITM_0160,Rare Assassin Gloves,Assassin,Gloves,Rare,35,0,145,Assassin armor affix pool,Armor_Assassin_Gloves_3
ITM_0161,Rare Assassin Legs,Assassin,Legs,Rare,35,0,145,Assassin armor affix pool,Armor_Assassin_Legs_3
ITM_0162,Rare Assassin Boots,Assassin,Boots,Rare,35,0,145,Assassin armor affix pool,Armor_Assassin_Boots_3
ITM_0163,Rare Assassin Cape,Assassin,Cape,Rare,35,0,145,Assassin armor affix pool,Armor_Assassin_Cape_3
ITM_0164,Rare Assassin Necklace,Assassin,Necklace,Rare,35,0,145,Assassin armor affix pool,Armor_Assassin_Necklace_3
ITM_0165,Rare Assassin Ring,Assassin,Ring,Rare,35,0,145,Assassin armor affix pool,Armor_Assassin_Ring_3
ITM_0166,Umbral Fang Epic,Assassin,MainHand,Epic,52,355,0,Assassin weapon affix pool,WeaponModel_Assassin_1
ITM_0167,Nightglass Dagger Epic,Assassin,MainHand,Epic,55,370,0,Assassin weapon affix pool,WeaponModel_Assassin_2
ITM_0168,Kingslayer Knife Epic,Assassin,MainHand,Epic,58,385,0,Assassin weapon affix pool,WeaponModel_Assassin_3
ITM_0169,Epic Assassin Head,Assassin,Head,Epic,52,0,211,Assassin armor affix pool,Armor_Assassin_Head_4
ITM_0170,Epic Assassin Chest,Assassin,Chest,Epic,52,0,211,Assassin armor affix pool,Armor_Assassin_Chest_4
ITM_0171,Epic Assassin Gloves,Assassin,Gloves,Epic,52,0,211,Assassin armor affix pool,Armor_Assassin_Gloves_4
ITM_0172,Epic Assassin Legs,Assassin,Legs,Epic,52,0,211,Assassin armor affix pool,Armor_Assassin_Legs_4
ITM_0173,Epic Assassin Boots,Assassin,Boots,Epic,52,0,211,Assassin armor affix pool,Armor_Assassin_Boots_4
ITM_0174,Epic Assassin Cape,Assassin,Cape,Epic,52,0,211,Assassin armor affix pool,Armor_Assassin_Cape_4
ITM_0175,Epic Assassin Necklace,Assassin,Necklace,Epic,52,0,211,Assassin armor affix pool,Armor_Assassin_Necklace_4
ITM_0176,Epic Assassin Ring,Assassin,Ring,Epic,52,0,211,Assassin armor affix pool,Armor_Assassin_Ring_4
ITM_0177,Umbral Fang Legendary,Assassin,MainHand,Legendary,69,465,0,Assassin weapon affix pool,WeaponModel_Assassin_1
ITM_0178,Nightglass Dagger Legendary,Assassin,MainHand,Legendary,72,480,0,Assassin weapon affix pool,WeaponModel_Assassin_2
ITM_0179,Kingslayer Knife Legendary,Assassin,MainHand,Legendary,75,495,0,Assassin weapon affix pool,WeaponModel_Assassin_3
ITM_0180,Legendary Assassin Head,Assassin,Head,Legendary,69,0,277,Assassin armor affix pool,Armor_Assassin_Head_5
ITM_0181,Legendary Assassin Chest,Assassin,Chest,Legendary,69,0,277,Assassin armor affix pool,Armor_Assassin_Chest_5
ITM_0182,Legendary Assassin Gloves,Assassin,Gloves,Legendary,69,0,277,Assassin armor affix pool,Armor_Assassin_Gloves_5
ITM_0183,Legendary Assassin Legs,Assassin,Legs,Legendary,69,0,277,Assassin armor affix pool,Armor_Assassin_Legs_5
ITM_0184,Legendary Assassin Boots,Assassin,Boots,Legendary,69,0,277,Assassin armor affix pool,Armor_Assassin_Boots_5
ITM_0185,Legendary Assassin Cape,Assassin,Cape,Legendary,69,0,277,Assassin armor affix pool,Armor_Assassin_Cape_5
ITM_0186,Legendary Assassin Necklace,Assassin,Necklace,Legendary,69,0,277,Assassin armor affix pool,Armor_Assassin_Necklace_5
ITM_0187,Legendary Assassin Ring,Assassin,Ring,Legendary,69,0,277,Assassin armor affix pool,Armor_Assassin_Ring_5
ITM_0188,Umbral Fang Mythic,Assassin,MainHand,Mythic,86,575,0,Assassin weapon affix pool,WeaponModel_Assassin_1
ITM_0189,Nightglass Dagger Mythic,Assassin,MainHand,Mythic,89,590,0,Assassin weapon affix pool,WeaponModel_Assassin_2
ITM_0190,Kingslayer Knife Mythic,Assassin,MainHand,Mythic,92,605,0,Assassin weapon affix pool,WeaponModel_Assassin_3
ITM_0191,Mythic Assassin Head,Assassin,Head,Mythic,86,0,343,Assassin armor affix pool,Armor_Assassin_Head_6
ITM_0192,Mythic Assassin Chest,Assassin,Chest,Mythic,86,0,343,Assassin armor affix pool,Armor_Assassin_Chest_6
ITM_0193,Mythic Assassin Gloves,Assassin,Gloves,Mythic,86,0,343,Assassin armor affix pool,Armor_Assassin_Gloves_6
ITM_0194,Mythic Assassin Legs,Assassin,Legs,Mythic,86,0,343,Assassin armor affix pool,Armor_Assassin_Legs_6
ITM_0195,Mythic Assassin Boots,Assassin,Boots,Mythic,86,0,343,Assassin armor affix pool,Armor_Assassin_Boots_6
ITM_0196,Mythic Assassin Cape,Assassin,Cape,Mythic,86,0,343,Assassin armor affix pool,Armor_Assassin_Cape_6
ITM_0197,Mythic Assassin Necklace,Assassin,Necklace,Mythic,86,0,343,Assassin armor affix pool,Armor_Assassin_Necklace_6
ITM_0198,Mythic Assassin Ring,Assassin,Ring,Mythic,86,0,343,Assassin armor affix pool,Armor_Assassin_Ring_6
ITM_0199,Whisperleaf Bow Common,Ranger,MainHand,Common,1,25,0,Ranger weapon affix pool,WeaponModel_Ranger_1
ITM_0200,Stormfeather Recurve Common,Ranger,MainHand,Common,4,40,0,Ranger weapon affix pool,WeaponModel_Ranger_2
ITM_0201,Skyhunter Crossbow Common,Ranger,MainHand,Common,7,55,0,Ranger weapon affix pool,WeaponModel_Ranger_3
ITM_0202,Common Ranger Head,Ranger,Head,Common,1,0,13,Ranger armor affix pool,Armor_Ranger_Head_1
ITM_0203,Common Ranger Chest,Ranger,Chest,Common,1,0,13,Ranger armor affix pool,Armor_Ranger_Chest_1
ITM_0204,Common Ranger Gloves,Ranger,Gloves,Common,1,0,13,Ranger armor affix pool,Armor_Ranger_Gloves_1
ITM_0205,Common Ranger Legs,Ranger,Legs,Common,1,0,13,Ranger armor affix pool,Armor_Ranger_Legs_1
ITM_0206,Common Ranger Boots,Ranger,Boots,Common,1,0,13,Ranger armor affix pool,Armor_Ranger_Boots_1
ITM_0207,Common Ranger Cape,Ranger,Cape,Common,1,0,13,Ranger armor affix pool,Armor_Ranger_Cape_1
ITM_0208,Common Ranger Necklace,Ranger,Necklace,Common,1,0,13,Ranger armor affix pool,Armor_Ranger_Necklace_1
ITM_0209,Common Ranger Ring,Ranger,Ring,Common,1,0,13,Ranger armor affix pool,Armor_Ranger_Ring_1
ITM_0210,Whisperleaf Bow Uncommon,Ranger,MainHand,Uncommon,18,135,0,Ranger weapon affix pool,WeaponModel_Ranger_1
ITM_0211,Stormfeather Recurve Uncommon,Ranger,MainHand,Uncommon,21,150,0,Ranger weapon affix pool,WeaponModel_Ranger_2
ITM_0212,Skyhunter Crossbow Uncommon,Ranger,MainHand,Uncommon,24,165,0,Ranger weapon affix pool,WeaponModel_Ranger_3
ITM_0213,Uncommon Ranger Head,Ranger,Head,Uncommon,18,0,79,Ranger armor affix pool,Armor_Ranger_Head_2
ITM_0214,Uncommon Ranger Chest,Ranger,Chest,Uncommon,18,0,79,Ranger armor affix pool,Armor_Ranger_Chest_2
ITM_0215,Uncommon Ranger Gloves,Ranger,Gloves,Uncommon,18,0,79,Ranger armor affix pool,Armor_Ranger_Gloves_2
ITM_0216,Uncommon Ranger Legs,Ranger,Legs,Uncommon,18,0,79,Ranger armor affix pool,Armor_Ranger_Legs_2
ITM_0217,Uncommon Ranger Boots,Ranger,Boots,Uncommon,18,0,79,Ranger armor affix pool,Armor_Ranger_Boots_2
ITM_0218,Uncommon Ranger Cape,Ranger,Cape,Uncommon,18,0,79,Ranger armor affix pool,Armor_Ranger_Cape_2
ITM_0219,Uncommon Ranger Necklace,Ranger,Necklace,Uncommon,18,0,79,Ranger armor affix pool,Armor_Ranger_Necklace_2
ITM_0220,Uncommon Ranger Ring,Ranger,Ring,Uncommon,18,0,79,Ranger armor affix pool,Armor_Ranger_Ring_2
ITM_0221,Whisperleaf Bow Rare,Ranger,MainHand,Rare,35,245,0,Ranger weapon affix pool,WeaponModel_Ranger_1
ITM_0222,Stormfeather Recurve Rare,Ranger,MainHand,Rare,38,260,0,Ranger weapon affix pool,WeaponModel_Ranger_2
ITM_0223,Skyhunter Crossbow Rare,Ranger,MainHand,Rare,41,275,0,Ranger weapon affix pool,WeaponModel_Ranger_3
ITM_0224,Rare Ranger Head,Ranger,Head,Rare,35,0,145,Ranger armor affix pool,Armor_Ranger_Head_3
ITM_0225,Rare Ranger Chest,Ranger,Chest,Rare,35,0,145,Ranger armor affix pool,Armor_Ranger_Chest_3
ITM_0226,Rare Ranger Gloves,Ranger,Gloves,Rare,35,0,145,Ranger armor affix pool,Armor_Ranger_Gloves_3
ITM_0227,Rare Ranger Legs,Ranger,Legs,Rare,35,0,145,Ranger armor affix pool,Armor_Ranger_Legs_3
ITM_0228,Rare Ranger Boots,Ranger,Boots,Rare,35,0,145,Ranger armor affix pool,Armor_Ranger_Boots_3
ITM_0229,Rare Ranger Cape,Ranger,Cape,Rare,35,0,145,Ranger armor affix pool,Armor_Ranger_Cape_3
ITM_0230,Rare Ranger Necklace,Ranger,Necklace,Rare,35,0,145,Ranger armor affix pool,Armor_Ranger_Necklace_3
ITM_0231,Rare Ranger Ring,Ranger,Ring,Rare,35,0,145,Ranger armor affix pool,Armor_Ranger_Ring_3
ITM_0232,Whisperleaf Bow Epic,Ranger,MainHand,Epic,52,355,0,Ranger weapon affix pool,WeaponModel_Ranger_1
ITM_0233,Stormfeather Recurve Epic,Ranger,MainHand,Epic,55,370,0,Ranger weapon affix pool,WeaponModel_Ranger_2
ITM_0234,Skyhunter Crossbow Epic,Ranger,MainHand,Epic,58,385,0,Ranger weapon affix pool,WeaponModel_Ranger_3
ITM_0235,Epic Ranger Head,Ranger,Head,Epic,52,0,211,Ranger armor affix pool,Armor_Ranger_Head_4
ITM_0236,Epic Ranger Chest,Ranger,Chest,Epic,52,0,211,Ranger armor affix pool,Armor_Ranger_Chest_4
ITM_0237,Epic Ranger Gloves,Ranger,Gloves,Epic,52,0,211,Ranger armor affix pool,Armor_Ranger_Gloves_4
ITM_0238,Epic Ranger Legs,Ranger,Legs,Epic,52,0,211,Ranger armor affix pool,Armor_Ranger_Legs_4
ITM_0239,Epic Ranger Boots,Ranger,Boots,Epic,52,0,211,Ranger armor affix pool,Armor_Ranger_Boots_4
ITM_0240,Epic Ranger Cape,Ranger,Cape,Epic,52,0,211,Ranger armor affix pool,Armor_Ranger_Cape_4
ITM_0241,Epic Ranger Necklace,Ranger,Necklace,Epic,52,0,211,Ranger armor affix pool,Armor_Ranger_Necklace_4
ITM_0242,Epic Ranger Ring,Ranger,Ring,Epic,52,0,211,Ranger armor affix pool,Armor_Ranger_Ring_4
ITM_0243,Whisperleaf Bow Legendary,Ranger,MainHand,Legendary,69,465,0,Ranger weapon affix pool,WeaponModel_Ranger_1
ITM_0244,Stormfeather Recurve Legendary,Ranger,MainHand,Legendary,72,480,0,Ranger weapon affix pool,WeaponModel_Ranger_2
ITM_0245,Skyhunter Crossbow Legendary,Ranger,MainHand,Legendary,75,495,0,Ranger weapon affix pool,WeaponModel_Ranger_3
ITM_0246,Legendary Ranger Head,Ranger,Head,Legendary,69,0,277,Ranger armor affix pool,Armor_Ranger_Head_5
ITM_0247,Legendary Ranger Chest,Ranger,Chest,Legendary,69,0,277,Ranger armor affix pool,Armor_Ranger_Chest_5
ITM_0248,Legendary Ranger Gloves,Ranger,Gloves,Legendary,69,0,277,Ranger armor affix pool,Armor_Ranger_Gloves_5
ITM_0249,Legendary Ranger Legs,Ranger,Legs,Legendary,69,0,277,Ranger armor affix pool,Armor_Ranger_Legs_5
ITM_0250,Legendary Ranger Boots,Ranger,Boots,Legendary,69,0,277,Ranger armor affix pool,Armor_Ranger_Boots_5
ITM_0251,Legendary Ranger Cape,Ranger,Cape,Legendary,69,0,277,Ranger armor affix pool,Armor_Ranger_Cape_5
ITM_0252,Legendary Ranger Necklace,Ranger,Necklace,Legendary,69,0,277,Ranger armor affix pool,Armor_Ranger_Necklace_5
ITM_0253,Legendary Ranger Ring,Ranger,Ring,Legendary,69,0,277,Ranger armor affix pool,Armor_Ranger_Ring_5
ITM_0254,Whisperleaf Bow Mythic,Ranger,MainHand,Mythic,86,575,0,Ranger weapon affix pool,WeaponModel_Ranger_1
ITM_0255,Stormfeather Recurve Mythic,Ranger,MainHand,Mythic,89,590,0,Ranger weapon affix pool,WeaponModel_Ranger_2
ITM_0256,Skyhunter Crossbow Mythic,Ranger,MainHand,Mythic,92,605,0,Ranger weapon affix pool,WeaponModel_Ranger_3
ITM_0257,Mythic Ranger Head,Ranger,Head,Mythic,86,0,343,Ranger armor affix pool,Armor_Ranger_Head_6
ITM_0258,Mythic Ranger Chest,Ranger,Chest,Mythic,86,0,343,Ranger armor affix pool,Armor_Ranger_Chest_6
ITM_0259,Mythic Ranger Gloves,Ranger,Gloves,Mythic,86,0,343,Ranger armor affix pool,Armor_Ranger_Gloves_6
ITM_0260,Mythic Ranger Legs,Ranger,Legs,Mythic,86,0,343,Ranger armor affix pool,Armor_Ranger_Legs_6
ITM_0261,Mythic Ranger Boots,Ranger,Boots,Mythic,86,0,343,Ranger armor affix pool,Armor_Ranger_Boots_6
ITM_0262,Mythic Ranger Cape,Ranger,Cape,Mythic,86,0,343,Ranger armor affix pool,Armor_Ranger_Cape_6
ITM_0263,Mythic Ranger Necklace,Ranger,Necklace,Mythic,86,0,343,Ranger armor affix pool,Armor_Ranger_Necklace_6
ITM_0264,Mythic Ranger Ring,Ranger,Ring,Mythic,86,0,343,Ranger armor affix pool,Armor_Ranger_Ring_6
ITM_0265,Starwell Staff Common,Mage,MainHand,Common,1,25,0,Mage weapon affix pool,WeaponModel_Mage_1
ITM_0266,Celestine Rod Common,Mage,MainHand,Common,4,40,0,Mage weapon affix pool,WeaponModel_Mage_2
ITM_0267,Eclipse Grimoire Common,Mage,MainHand,Common,7,55,0,Mage weapon affix pool,WeaponModel_Mage_3
ITM_0268,Common Mage Head,Mage,Head,Common,1,0,13,Mage armor affix pool,Armor_Mage_Head_1
ITM_0269,Common Mage Chest,Mage,Chest,Common,1,0,13,Mage armor affix pool,Armor_Mage_Chest_1
ITM_0270,Common Mage Gloves,Mage,Gloves,Common,1,0,13,Mage armor affix pool,Armor_Mage_Gloves_1
ITM_0271,Common Mage Legs,Mage,Legs,Common,1,0,13,Mage armor affix pool,Armor_Mage_Legs_1
ITM_0272,Common Mage Boots,Mage,Boots,Common,1,0,13,Mage armor affix pool,Armor_Mage_Boots_1
ITM_0273,Common Mage Cape,Mage,Cape,Common,1,0,13,Mage armor affix pool,Armor_Mage_Cape_1
ITM_0274,Common Mage Necklace,Mage,Necklace,Common,1,0,13,Mage armor affix pool,Armor_Mage_Necklace_1
ITM_0275,Common Mage Ring,Mage,Ring,Common,1,0,13,Mage armor affix pool,Armor_Mage_Ring_1
ITM_0276,Starwell Staff Uncommon,Mage,MainHand,Uncommon,18,135,0,Mage weapon affix pool,WeaponModel_Mage_1
ITM_0277,Celestine Rod Uncommon,Mage,MainHand,Uncommon,21,150,0,Mage weapon affix pool,WeaponModel_Mage_2
ITM_0278,Eclipse Grimoire Uncommon,Mage,MainHand,Uncommon,24,165,0,Mage weapon affix pool,WeaponModel_Mage_3
ITM_0279,Uncommon Mage Head,Mage,Head,Uncommon,18,0,79,Mage armor affix pool,Armor_Mage_Head_2
ITM_0280,Uncommon Mage Chest,Mage,Chest,Uncommon,18,0,79,Mage armor affix pool,Armor_Mage_Chest_2
ITM_0281,Uncommon Mage Gloves,Mage,Gloves,Uncommon,18,0,79,Mage armor affix pool,Armor_Mage_Gloves_2
ITM_0282,Uncommon Mage Legs,Mage,Legs,Uncommon,18,0,79,Mage armor affix pool,Armor_Mage_Legs_2
ITM_0283,Uncommon Mage Boots,Mage,Boots,Uncommon,18,0,79,Mage armor affix pool,Armor_Mage_Boots_2
ITM_0284,Uncommon Mage Cape,Mage,Cape,Uncommon,18,0,79,Mage armor affix pool,Armor_Mage_Cape_2
ITM_0285,Uncommon Mage Necklace,Mage,Necklace,Uncommon,18,0,79,Mage armor affix pool,Armor_Mage_Necklace_2
ITM_0286,Uncommon Mage Ring,Mage,Ring,Uncommon,18,0,79,Mage armor affix pool,Armor_Mage_Ring_2
ITM_0287,Starwell Staff Rare,Mage,MainHand,Rare,35,245,0,Mage weapon affix pool,WeaponModel_Mage_1
ITM_0288,Celestine Rod Rare,Mage,MainHand,Rare,38,260,0,Mage weapon affix pool,WeaponModel_Mage_2
ITM_0289,Eclipse Grimoire Rare,Mage,MainHand,Rare,41,275,0,Mage weapon affix pool,WeaponModel_Mage_3
ITM_0290,Rare Mage Head,Mage,Head,Rare,35,0,145,Mage armor affix pool,Armor_Mage_Head_3
ITM_0291,Rare Mage Chest,Mage,Chest,Rare,35,0,145,Mage armor affix pool,Armor_Mage_Chest_3
ITM_0292,Rare Mage Gloves,Mage,Gloves,Rare,35,0,145,Mage armor affix pool,Armor_Mage_Gloves_3
ITM_0293,Rare Mage Legs,Mage,Legs,Rare,35,0,145,Mage armor affix pool,Armor_Mage_Legs_3
ITM_0294,Rare Mage Boots,Mage,Boots,Rare,35,0,145,Mage armor affix pool,Armor_Mage_Boots_3
ITM_0295,Rare Mage Cape,Mage,Cape,Rare,35,0,145,Mage armor affix pool,Armor_Mage_Cape_3
ITM_0296,Rare Mage Necklace,Mage,Necklace,Rare,35,0,145,Mage armor affix pool,Armor_Mage_Necklace_3
ITM_0297,Rare Mage Ring,Mage,Ring,Rare,35,0,145,Mage armor affix pool,Armor_Mage_Ring_3
ITM_0298,Starwell Staff Epic,Mage,MainHand,Epic,52,355,0,Mage weapon affix pool,WeaponModel_Mage_1
ITM_0299,Celestine Rod Epic,Mage,MainHand,Epic,55,370,0,Mage weapon affix pool,WeaponModel_Mage_2
ITM_0300,Eclipse Grimoire Epic,Mage,MainHand,Epic,58,385,0,Mage weapon affix pool,WeaponModel_Mage_3
ITM_0301,Epic Mage Head,Mage,Head,Epic,52,0,211,Mage armor affix pool,Armor_Mage_Head_4
ITM_0302,Epic Mage Chest,Mage,Chest,Epic,52,0,211,Mage armor affix pool,Armor_Mage_Chest_4
ITM_0303,Epic Mage Gloves,Mage,Gloves,Epic,52,0,211,Mage armor affix pool,Armor_Mage_Gloves_4
ITM_0304,Epic Mage Legs,Mage,Legs,Epic,52,0,211,Mage armor affix pool,Armor_Mage_Legs_4
ITM_0305,Epic Mage Boots,Mage,Boots,Epic,52,0,211,Mage armor affix pool,Armor_Mage_Boots_4
ITM_0306,Epic Mage Cape,Mage,Cape,Epic,52,0,211,Mage armor affix pool,Armor_Mage_Cape_4
ITM_0307,Epic Mage Necklace,Mage,Necklace,Epic,52,0,211,Mage armor affix pool,Armor_Mage_Necklace_4
ITM_0308,Epic Mage Ring,Mage,Ring,Epic,52,0,211,Mage armor affix pool,Armor_Mage_Ring_4
ITM_0309,Starwell Staff Legendary,Mage,MainHand,Legendary,69,465,0,Mage weapon affix pool,WeaponModel_Mage_1
ITM_0310,Celestine Rod Legendary,Mage,MainHand,Legendary,72,480,0,Mage weapon affix pool,WeaponModel_Mage_2
ITM_0311,Eclipse Grimoire Legendary,Mage,MainHand,Legendary,75,495,0,Mage weapon affix pool,WeaponModel_Mage_3
ITM_0312,Legendary Mage Head,Mage,Head,Legendary,69,0,277,Mage armor affix pool,Armor_Mage_Head_5
ITM_0313,Legendary Mage Chest,Mage,Chest,Legendary,69,0,277,Mage armor affix pool,Armor_Mage_Chest_5
ITM_0314,Legendary Mage Gloves,Mage,Gloves,Legendary,69,0,277,Mage armor affix pool,Armor_Mage_Gloves_5
ITM_0315,Legendary Mage Legs,Mage,Legs,Legendary,69,0,277,Mage armor affix pool,Armor_Mage_Legs_5
ITM_0316,Legendary Mage Boots,Mage,Boots,Legendary,69,0,277,Mage armor affix pool,Armor_Mage_Boots_5
ITM_0317,Legendary Mage Cape,Mage,Cape,Legendary,69,0,277,Mage armor affix pool,Armor_Mage_Cape_5
ITM_0318,Legendary Mage Necklace,Mage,Necklace,Legendary,69,0,277,Mage armor affix pool,Armor_Mage_Necklace_5
ITM_0319,Legendary Mage Ring,Mage,Ring,Legendary,69,0,277,Mage armor affix pool,Armor_Mage_Ring_5
ITM_0320,Starwell Staff Mythic,Mage,MainHand,Mythic,86,575,0,Mage weapon affix pool,WeaponModel_Mage_1
ITM_0321,Celestine Rod Mythic,Mage,MainHand,Mythic,89,590,0,Mage weapon affix pool,WeaponModel_Mage_2
ITM_0322,Eclipse Grimoire Mythic,Mage,MainHand,Mythic,92,605,0,Mage weapon affix pool,WeaponModel_Mage_3
ITM_0323,Mythic Mage Head,Mage,Head,Mythic,86,0,343,Mage armor affix pool,Armor_Mage_Head_6
ITM_0324,Mythic Mage Chest,Mage,Chest,Mythic,86,0,343,Mage armor affix pool,Armor_Mage_Chest_6
ITM_0325,Mythic Mage Gloves,Mage,Gloves,Mythic,86,0,343,Mage armor affix pool,Armor_Mage_Gloves_6
ITM_0326,Mythic Mage Legs,Mage,Legs,Mythic,86,0,343,Mage armor affix pool,Armor_Mage_Legs_6
ITM_0327,Mythic Mage Boots,Mage,Boots,Mythic,86,0,343,Mage armor affix pool,Armor_Mage_Boots_6
ITM_0328,Mythic Mage Cape,Mage,Cape,Mythic,86,0,343,Mage armor affix pool,Armor_Mage_Cape_6
ITM_0329,Mythic Mage Necklace,Mage,Necklace,Mythic,86,0,343,Mage armor affix pool,Armor_Mage_Necklace_6
ITM_0330,Mythic Mage Ring,Mage,Ring,Mythic,86,0,343,Mage armor affix pool,Armor_Mage_Ring_6
ITM_0331,Dawn Censer Common,Priest,MainHand,Common,1,25,0,Priest weapon affix pool,WeaponModel_Priest_1
ITM_0332,Mercy Mace Common,Priest,MainHand,Common,4,40,0,Priest weapon affix pool,WeaponModel_Priest_2
ITM_0333,Scripture Tome Common,Priest,MainHand,Common,7,55,0,Priest weapon affix pool,WeaponModel_Priest_3
ITM_0334,Common Priest Head,Priest,Head,Common,1,0,13,Priest armor affix pool,Armor_Priest_Head_1
ITM_0335,Common Priest Chest,Priest,Chest,Common,1,0,13,Priest armor affix pool,Armor_Priest_Chest_1
ITM_0336,Common Priest Gloves,Priest,Gloves,Common,1,0,13,Priest armor affix pool,Armor_Priest_Gloves_1
ITM_0337,Common Priest Legs,Priest,Legs,Common,1,0,13,Priest armor affix pool,Armor_Priest_Legs_1
ITM_0338,Common Priest Boots,Priest,Boots,Common,1,0,13,Priest armor affix pool,Armor_Priest_Boots_1
ITM_0339,Common Priest Cape,Priest,Cape,Common,1,0,13,Priest armor affix pool,Armor_Priest_Cape_1
ITM_0340,Common Priest Necklace,Priest,Necklace,Common,1,0,13,Priest armor affix pool,Armor_Priest_Necklace_1
ITM_0341,Common Priest Ring,Priest,Ring,Common,1,0,13,Priest armor affix pool,Armor_Priest_Ring_1
ITM_0342,Dawn Censer Uncommon,Priest,MainHand,Uncommon,18,135,0,Priest weapon affix pool,WeaponModel_Priest_1
ITM_0343,Mercy Mace Uncommon,Priest,MainHand,Uncommon,21,150,0,Priest weapon affix pool,WeaponModel_Priest_2
ITM_0344,Scripture Tome Uncommon,Priest,MainHand,Uncommon,24,165,0,Priest weapon affix pool,WeaponModel_Priest_3
ITM_0345,Uncommon Priest Head,Priest,Head,Uncommon,18,0,79,Priest armor affix pool,Armor_Priest_Head_2
ITM_0346,Uncommon Priest Chest,Priest,Chest,Uncommon,18,0,79,Priest armor affix pool,Armor_Priest_Chest_2
ITM_0347,Uncommon Priest Gloves,Priest,Gloves,Uncommon,18,0,79,Priest armor affix pool,Armor_Priest_Gloves_2
ITM_0348,Uncommon Priest Legs,Priest,Legs,Uncommon,18,0,79,Priest armor affix pool,Armor_Priest_Legs_2
ITM_0349,Uncommon Priest Boots,Priest,Boots,Uncommon,18,0,79,Priest armor affix pool,Armor_Priest_Boots_2
ITM_0350,Uncommon Priest Cape,Priest,Cape,Uncommon,18,0,79,Priest armor affix pool,Armor_Priest_Cape_2
ITM_0351,Uncommon Priest Necklace,Priest,Necklace,Uncommon,18,0,79,Priest armor affix pool,Armor_Priest_Necklace_2
ITM_0352,Uncommon Priest Ring,Priest,Ring,Uncommon,18,0,79,Priest armor affix pool,Armor_Priest_Ring_2
ITM_0353,Dawn Censer Rare,Priest,MainHand,Rare,35,245,0,Priest weapon affix pool,WeaponModel_Priest_1
ITM_0354,Mercy Mace Rare,Priest,MainHand,Rare,38,260,0,Priest weapon affix pool,WeaponModel_Priest_2
ITM_0355,Scripture Tome Rare,Priest,MainHand,Rare,41,275,0,Priest weapon affix pool,WeaponModel_Priest_3
ITM_0356,Rare Priest Head,Priest,Head,Rare,35,0,145,Priest armor affix pool,Armor_Priest_Head_3
ITM_0357,Rare Priest Chest,Priest,Chest,Rare,35,0,145,Priest armor affix pool,Armor_Priest_Chest_3
ITM_0358,Rare Priest Gloves,Priest,Gloves,Rare,35,0,145,Priest armor affix pool,Armor_Priest_Gloves_3
ITM_0359,Rare Priest Legs,Priest,Legs,Rare,35,0,145,Priest armor affix pool,Armor_Priest_Legs_3
ITM_0360,Rare Priest Boots,Priest,Boots,Rare,35,0,145,Priest armor affix pool,Armor_Priest_Boots_3
ITM_0361,Rare Priest Cape,Priest,Cape,Rare,35,0,145,Priest armor affix pool,Armor_Priest_Cape_3
ITM_0362,Rare Priest Necklace,Priest,Necklace,Rare,35,0,145,Priest armor affix pool,Armor_Priest_Necklace_3
ITM_0363,Rare Priest Ring,Priest,Ring,Rare,35,0,145,Priest armor affix pool,Armor_Priest_Ring_3
ITM_0364,Dawn Censer Epic,Priest,MainHand,Epic,52,355,0,Priest weapon affix pool,WeaponModel_Priest_1
ITM_0365,Mercy Mace Epic,Priest,MainHand,Epic,55,370,0,Priest weapon affix pool,WeaponModel_Priest_2
ITM_0366,Scripture Tome Epic,Priest,MainHand,Epic,58,385,0,Priest weapon affix pool,WeaponModel_Priest_3
ITM_0367,Epic Priest Head,Priest,Head,Epic,52,0,211,Priest armor affix pool,Armor_Priest_Head_4
ITM_0368,Epic Priest Chest,Priest,Chest,Epic,52,0,211,Priest armor affix pool,Armor_Priest_Chest_4
ITM_0369,Epic Priest Gloves,Priest,Gloves,Epic,52,0,211,Priest armor affix pool,Armor_Priest_Gloves_4
ITM_0370,Epic Priest Legs,Priest,Legs,Epic,52,0,211,Priest armor affix pool,Armor_Priest_Legs_4
ITM_0371,Epic Priest Boots,Priest,Boots,Epic,52,0,211,Priest armor affix pool,Armor_Priest_Boots_4
ITM_0372,Epic Priest Cape,Priest,Cape,Epic,52,0,211,Priest armor affix pool,Armor_Priest_Cape_4
ITM_0373,Epic Priest Necklace,Priest,Necklace,Epic,52,0,211,Priest armor affix pool,Armor_Priest_Necklace_4
ITM_0374,Epic Priest Ring,Priest,Ring,Epic,52,0,211,Priest armor affix pool,Armor_Priest_Ring_4
ITM_0375,Dawn Censer Legendary,Priest,MainHand,Legendary,69,465,0,Priest weapon affix pool,WeaponModel_Priest_1
ITM_0376,Mercy Mace Legendary,Priest,MainHand,Legendary,72,480,0,Priest weapon affix pool,WeaponModel_Priest_2
ITM_0377,Scripture Tome Legendary,Priest,MainHand,Legendary,75,495,0,Priest weapon affix pool,WeaponModel_Priest_3
ITM_0378,Legendary Priest Head,Priest,Head,Legendary,69,0,277,Priest armor affix pool,Armor_Priest_Head_5
ITM_0379,Legendary Priest Chest,Priest,Chest,Legendary,69,0,277,Priest armor affix pool,Armor_Priest_Chest_5
ITM_0380,Legendary Priest Gloves,Priest,Gloves,Legendary,69,0,277,Priest armor affix pool,Armor_Priest_Gloves_5
ITM_0381,Legendary Priest Legs,Priest,Legs,Legendary,69,0,277,Priest armor affix pool,Armor_Priest_Legs_5
ITM_0382,Legendary Priest Boots,Priest,Boots,Legendary,69,0,277,Priest armor affix pool,Armor_Priest_Boots_5
ITM_0383,Legendary Priest Cape,Priest,Cape,Legendary,69,0,277,Priest armor affix pool,Armor_Priest_Cape_5
ITM_0384,Legendary Priest Necklace,Priest,Necklace,Legendary,69,0,277,Priest armor affix pool,Armor_Priest_Necklace_5
ITM_0385,Legendary Priest Ring,Priest,Ring,Legendary,69,0,277,Priest armor affix pool,Armor_Priest_Ring_5
ITM_0386,Dawn Censer Mythic,Priest,MainHand,Mythic,86,575,0,Priest weapon affix pool,WeaponModel_Priest_1
ITM_0387,Mercy Mace Mythic,Priest,MainHand,Mythic,89,590,0,Priest weapon affix pool,WeaponModel_Priest_2
ITM_0388,Scripture Tome Mythic,Priest,MainHand,Mythic,92,605,0,Priest weapon affix pool,WeaponModel_Priest_3
ITM_0389,Mythic Priest Head,Priest,Head,Mythic,86,0,343,Priest armor affix pool,Armor_Priest_Head_6
ITM_0390,Mythic Priest Chest,Priest,Chest,Mythic,86,0,343,Priest armor affix pool,Armor_Priest_Chest_6
ITM_0391,Mythic Priest Gloves,Priest,Gloves,Mythic,86,0,343,Priest armor affix pool,Armor_Priest_Gloves_6
ITM_0392,Mythic Priest Legs,Priest,Legs,Mythic,86,0,343,Priest armor affix pool,Armor_Priest_Legs_6
ITM_0393,Mythic Priest Boots,Priest,Boots,Mythic,86,0,343,Priest armor affix pool,Armor_Priest_Boots_6
ITM_0394,Mythic Priest Cape,Priest,Cape,Mythic,86,0,343,Priest armor affix pool,Armor_Priest_Cape_6
ITM_0395,Mythic Priest Necklace,Priest,Necklace,Mythic,86,0,343,Priest armor affix pool,Armor_Priest_Necklace_6
ITM_0396,Mythic Priest Ring,Priest,Ring,Mythic,86,0,343,Priest armor affix pool,Armor_Priest_Ring_6
